路段代码,路线代码,路线名称,路段序列号,路段所在行政区域,起点名称,起点桩号,讫点名称,讫点桩号,路段技术等级,路段路面类型,路段里程,实际里程,路面宽度,路基宽度,涵洞数量,是否为共用路段,共用路段是否为长链,所共用路线代码,所共用路段序列号,是否待贯通路段,最新改建时间(年份),建成时间(年份),管养单位代码,管养单位名称,是否为城市道路路段,备注,变更原因,填报单位,填报单位代码,断链类型,国道调整前路线编号,国道调整前路线名称,原路线代码,原路线起点桩号,原路线讫点桩号,对应原路线里程,是否变化,路线编号,填报单位负责人,填表人,填表人电话,统计负责人,统计负责人电话
C169120112001,C169120112,天山大道,001,120112102000,小站镇北马路,0.00,前营路,1.39,4.三级公路,11.沥青混凝土,1.39,1.39,9.00,10.00,0,2.否,,,,2.否,,2011,121011121,津南区公路建设养护中心,2.否,,21.指标变更或地理位置变更,津南区公路建设养护中心,121011121,,,,,,,,,C169,孙国斌,韩静漪,02288531156,李国强,02288531156
C5A1120112001,C5A1120112,东马路,001,120112102000,北马路,0.00,葛万线,1.98,3.二级公路,11.沥青混凝土,1.98,1.88,15.00,16.00,0,2.否,,,,2.否,,2013,121011121,津南区公路建设养护中心,2.否,,21.指标变更或地理位置变更,津南区公路建设养护中心,121011121,,,,,,,,,C5A1,孙国斌,韩静漪,02288531156,李国强,02288531156
C5A3120112001,C5A3120112,东西庄房村路支路,001,120112102000,东西庄房村路,0.00,村西,0.20,5.四级公路,12.水泥混凝土,0.20,0.20,4.00,5.00,0,2.否,,,,2.否,,2014,121011121,津南区公路建设养护中心,2.否,,10.未变更,津南区公路建设养护中心,121011121,,,,C5A3120112,0.00,0.20,0.20,2.否,C5A3,孙国斌,韩静漪,02288531156,李国强,02288531156
C5A4120112001,C5A4120112,东西庄房支路1,001,120112102000,东西庄房村路,0.00,村内,0.08,5.四级公路,11.沥青混凝土,0.08,0.08,4.00,5.00,0,2.否,,,,2.否,,2014,121011121,津南区公路建设养护中心,2.否,,10.未变更,津南区公路建设养护中心,121011121,,,,C5A4120112,0.00,0.08,0.08,2.否,C5A4,孙国斌,韩静漪,02288531156,李国强,02288531156
C5A5120112001,C5A5120112,东西庄房支路2,001,120112102000,东西庄房村路,0.00,村内,0.11,5.四级公路,12.水泥混凝土,0.11,0.11,4.00,5.00,0,2.否,,,,2.否,,2014,121011121,津南区公路建设养护中心,2.否,,10.未变更,津南区公路建设养护中心,121011121,,,,C5A5120112,0.00,0.11,0.11,2.否,C5A5,孙国斌,韩静漪,02288531156,李国强,02288531156
C5A7120112001,C5A7120112,南副营支路一,001,120112102000,四道沟村路,0.00,南副营村委会,0.48,5.四级公路,12.水泥混凝土,0.48,0.49,4.00,5.00,0,2.否,,,,2.否,,2014,121011121,津南区公路建设养护中心,2.否,,10.未变更,津南区公路建设养护中心,121011121,,,,C5A7120112,0.00,0.48,0.48,2.否,C5A7,孙国斌,韩静漪,02288531156,李国强,02288531156
C5A8120112001,C5A8120112,南副营支路,001,120112102000,小站中心道,0.00,南副营村北,0.31,5.四级公路,12.水泥混凝土,0.31,0.32,4.00,5.00,0,2.否,,,,2.否,,2014,121011121,津南区公路建设养护中心,2.否,,10.未变更,津南区公路建设养护中心,121011121,,,,C5A8120112,0.00,0.31,0.31,2.否,C5A8,孙国斌,韩静漪,02288531156,李国强,02288531156
C5AA120112001,C5AA120112,会场路支路1,001,120112102000,村内,0.00,会馆村交界,1.34,5.四级公路,12.水泥混凝土,1.34,1.35,5.00,6.00,0,2.否,,,,2.否,,2014,121011121,津南区公路建设养护中心,2.否,,10.未变更,津南区公路建设养护中心,121011121,,,,C5AA120112,0.00,1.34,1.34,2.否,C5AA,孙国斌,韩静漪,02288531156,李国强,02288531156
C5AB120112001,C5AB120112,会场路支路2,001,120112102000,会场路支路二,0.00,村内,0.18,5.四级公路,12.水泥混凝土,0.18,0.17,4.00,5.00,0,2.否,,,,2.否,,2014,121011121,津南区公路建设养护中心,2.否,,10.未变更,津南区公路建设养护中心,121011121,,,,C5AB120112,0.00,0.18,0.18,2.否,C5AB,孙国斌,韩静漪,02288531156,李国强,02288531156
C5AC120112001,C5AC120112,会场路支路3,001,120112102000,迎新村交界,0.00,操场河村内,0.22,5.四级公路,11.沥青混凝土,0.22,0.23,4.00,5.00,0,2.否,,,,2.否,,2014,121011121,津南区公路建设养护中心,2.否,,10.未变更,津南区公路建设养护中心,121011121,,,,C5AC120112,0.00,0.22,0.22,2.否,C5AC,孙国斌,韩静漪,02288531156,李国强,02288531156
C5AD120112002,C5AD120112,会场路支路4,002,120112102000,操场河村,0.00,拆分点,0.17,5.四级公路,11.沥青混凝土,0.17,0.17,4.00,5.00,0,2.否,,,,2.否,,2014,121011121,津南区公路建设养护中心,2.否,,10.未变更,津南区公路建设养护中心,121011121,,,,C5AD120112,0.00,0.17,0.17,2.否,C5AD,孙国斌,韩静漪,02288531156,李国强,02288531156
C5AE120112001,C5AE120112,双闸支路1,001,120112107000,和顺地村,0.00,和顺地村南,0.24,5.四级公路,12.水泥混凝土,0.24,0.25,4.00,6.00,0,2.否,,,,2.否,,2014,121011121,津南区公路建设养护中心,2.否,,10.未变更,津南区公路建设养护中心,121011121,,,,C5AE120112,0.00,0.24,0.24,2.否,C5AE,孙国斌,韩静漪,02288531156,李国强,02288531156
C5AF120112001,C5AF120112,双闸支路2,001,120112107000,双闸村路,0.00,双闸村路,0.53,5.四级公路,12.水泥混凝土,0.53,0.57,4.00,5.00,0,2.否,,,,2.否,,2014,121011121,津南区公路建设养护中心,2.否,,21.指标变更或地理位置变更,津南区公路建设养护中心,121011121,,,,,,,,,C5AF,孙国斌,韩静漪,02288531156,李国强,02288531156
C5AM120112001,C5AM120112,南义心庄支路一,001,120112107000,双顺路,0.00,幸福河,1.42,5.四级公路,11.沥青混凝土,1.42,1.42,5.00,6.00,0,2.否,,,,2.否,,2014,121011121,津南区公路建设养护中心,2.否,,10.未变更,津南区公路建设养护中心,121011121,,,,C5AM120112,0.00,1.42,1.42,2.否,C5AM,孙国斌,韩静漪,02288531156,李国强,02288531156
C5AN120112001,C5AN120112,南义心庄支路二,001,120112107000,双中路,0.00,南义心庄村路,0.49,5.四级公路,12.水泥混凝土,0.49,0.50,4.00,5.00,0,2.否,,,,2.否,,2014,121011121,津南区公路建设养护中心,2.否,,10.未变更,津南区公路建设养护中心,121011121,,,,C5AN120112,0.00,0.49,0.49,2.否,C5AN,孙国斌,韩静漪,02288531156,李国强,02288531156
C5AP120112001,C5AP120112,刘家沟村路支路1,001,120112107000,刘家沟村路,0.00,村内,0.78,5.四级公路,12.水泥混凝土,0.78,0.78,4.00,5.00,0,2.否,,,,2.否,,2014,121011121,津南区公路建设养护中心,2.否,,21.指标变更或地理位置变更,津南区公路建设养护中心,121011121,,,,,,,,,C5AP,孙国斌,韩静漪,02288531156,李国强,02288531156
C5AR120112002,C5AR120112,东闸村路（前闸路支路二）,002,120112102000,拆分点,1.01,东环路桥,1.50,5.四级公路,11.沥青混凝土,0.49,0.56,4.00,5.00,0,2.否,,,,2.否,,2014,121011121,津南区公路建设养护中心,2.否,,10.未变更,津南区公路建设养护中心,121011121,,,,C5AR120112,1.01,1.50,0.49,2.否,C5AR,孙国斌,韩静漪,02288531156,李国强,02288531156
C5AS120112001,C5AS120112,西官房村路,001,120112106000,咸双路,0.00,咸双路,1.04,5.四级公路,11.沥青混凝土,1.04,1.06,4.00,4.50,0,2.否,,,,2.否,,2015,121011121,津南区公路建设养护中心,2.否,,10.未变更,津南区公路建设养护中心,121011121,,,,C5AS120112,0.00,1.04,1.04,2.否,C5AS,孙国斌,韩静漪,02288531156,李国强,02288531156
C5AT120112001,C5AT120112,西官房村路1,001,120112106000,咸双路,0.00,村内,0.20,5.四级公路,11.沥青混凝土,0.20,0.21,4.00,4.50,0,2.否,,,,2.否,,2015,121011121,津南区公路建设养护中心,2.否,,10.未变更,津南区公路建设养护中心,121011121,,,,C5AT120112,0.00,0.20,0.20,2.否,C5AT,孙国斌,韩静漪,02288531156,李国强,02288531156
C5AU120112001,C5AU120112,西官房村路2,001,120112106000,路段003,0.00,路段001,0.14,5.四级公路,11.沥青混凝土,0.14,0.15,4.00,4.50,0,2.否,,,,2.否,,2015,121011121,津南区公路建设养护中心,2.否,,10.未变更,津南区公路建设养护中心,121011121,,,,C5AU120112,0.00,0.14,0.14,2.否,C5AU,孙国斌,韩静漪,02288531156,李国强,02288531156
C5AV120112001,C5AV120112,西泥沽村路,001,120112106000,咸双路,0.00,村内,0.81,5.四级公路,11.沥青混凝土,0.81,0.85,4.00,4.50,0,2.否,,,,2.否,,2015,121011121,津南区公路建设养护中心,2.否,,10.未变更,津南区公路建设养护中心,121011121,,,,C5AV120112,0.00,0.81,0.81,2.否,C5AV,孙国斌,韩静漪,02288531156,李国强,02288531156
C5AW120112001,C5AW120112,西泥沽村路1,001,120112106000,村内,0.00,路段003,0.05,5.四级公路,11.沥青混凝土,0.05,0.06,4.00,4.50,0,2.否,,,,2.否,,2015,121011121,津南区公路建设养护中心,2.否,,10.未变更,津南区公路建设养护中心,121011121,,,,C5AW120112,0.00,0.05,0.05,2.否,C5AW,孙国斌,韩静漪,02288531156,李国强,02288531156
C5AX120112001,C5AX120112,西泥沽村路2,001,120112106000,村内,0.03,西泥沽村路,0.34,5.四级公路,11.沥青混凝土,0.32,0.31,4.00,4.50,0,2.否,,,,2.否,,2015,121011121,津南区公路建设养护中心,2.否,,10.未变更,津南区公路建设养护中心,121011121,,,,C5AX120112,0.03,0.34,0.32,2.否,C5AX,孙国斌,韩静漪,02288531156,李国强,02288531156
C5AY120112001,C5AY120112,西泥沽村路3,001,120112106000,路段001,0.00,东泥沽交界,0.11,5.四级公路,11.沥青混凝土,0.11,0.11,4.00,4.50,0,2.否,,,,2.否,,2015,121011121,津南区公路建设养护中心,2.否,,10.未变更,津南区公路建设养护中心,121011121,,,,C5AY120112,0.00,0.11,0.11,2.否,C5AY,孙国斌,韩静漪,02288531156,李国强,02288531156
C5AZ120112001,C5AZ120112,西泥沽村路4,001,120112106000,咸双路,0.00,村内,0.23,5.四级公路,11.沥青混凝土,0.23,0.22,4.00,4.50,0,2.否,,,,2.否,,2015,121011121,津南区公路建设养护中心,2.否,,10.未变更,津南区公路建设养护中心,121011121,,,,C5AZ120112,0.00,0.23,0.23,2.否,C5AZ,孙国斌,韩静漪,02288531156,李国强,02288531156
C5B0120112001,C5B0120112,西泥沽村路5,001,120112106000,路段001,0.00,村内,0.03,5.四级公路,11.沥青混凝土,0.03,0.03,4.00,4.50,0,2.否,,,,2.否,,2015,121011121,津南区公路建设养护中心,2.否,,10.未变更,津南区公路建设养护中心,121011121,,,,C5B0120112,0.00,0.03,0.03,2.否,C5B0,孙国斌,韩静漪,02288531156,李国强,02288531156
C5B1120112001,C5B1120112,传盛路1,001,120112102000,津岐路,0.00,传盛村路,1.78,3.二级公路,11.沥青混凝土,1.78,1.80,15.00,22.00,0,2.否,,,,2.否,2016,1983,121011121,津南区公路建设养护中心,2.否,,10.未变更,津南区公路建设养护中心,121011121,,,,C5B1120112,0.00,1.78,1.78,2.否,C5B1,孙国斌,韩静漪,02288531156,李国强,02288531156
C5B2120112001,C5B2120112,小黄庄村五支路,001,120112107000,小黄庄村路,0.00,小黄庄村路,0.58,5.四级公路,12.水泥混凝土,0.58,0.58,5.00,6.00,0,2.否,,,,2.否,,2018,121011121,津南区公路建设养护中心,2.否,,10.未变更,津南区公路建设养护中心,121011121,,,,C5B2120112,0.00,0.58,0.58,2.否,C5B2,孙国斌,韩静漪,02288531156,李国强,02288531156
C5B3120112001,C5B3120112,绿屏海河沿线游览路工程辛庄片区道路,001,120112104000,小辛柴路,0.00,海河南堤路,0.55,5.四级公路,11.沥青混凝土,0.55,0.57,6.00,6.50,0,2.否,,,,2.否,,2020,121011121,津南区公路建设养护中心,2.否,,10.未变更,津南区公路建设养护中心,121011121,,,,C5B3120112,0.00,0.55,0.55,2.否,C5B3,孙国斌,韩静漪,02288531156,李国强,02288531156
C5B5120112001,C5B5120112,绿屏海河沿线游览路工程起步区外道路,001,120112100000,起步区中心道,0.00,海沽路,0.31,5.四级公路,11.沥青混凝土,0.31,0.33,6.00,6.50,0,2.否,,,,2.否,,2020,121011121,津南区公路建设养护中心,2.否,,10.未变更,津南区公路建设养护中心,121011121,,,,C5B5120112,0.00,0.31,0.31,2.否,C5B5,孙国斌,韩静漪,02288531156,李国强,02288531156
C5B6120112001,C5B6120112,绿屏海河沿线游览路工程双桥河片区道路,001,120112106000,海河南堤路,0.00,华盛寺后侧现状路,0.53,5.四级公路,11.沥青混凝土,0.53,0.54,6.00,6.50,0,2.否,,,,2.否,,2020,121011121,津南区公路建设养护中心,2.否,,14.漏统,津南区公路建设养护中心,121011121,,,,,,,,,C5B6,孙国斌,韩静漪,02288531156,李国强,02288531156
C5B7120112001,C5B7120112,军粮路,001,120112107000,双顺路,0.00,西小站村路,1.20,5.四级公路,12.水泥混凝土,1.20,1.20,4.00,5.00,0,2.否,,,,2.否,,2009,121011121,津南区公路建设养护中心,2.否,新增台账,14.漏统,津南区公路建设养护中心,121011121,,,,,,,,,C5B7,孙国斌,韩静漪,02288531156,李国强,02288531156
C5B8120112001,C5B8120112,益友路,001,120112107000,南义心庄路延长线,0.00,南义心庄路延长线,0.92,5.四级公路,12.水泥混凝土,0.92,0.92,4.00,5.00,0,2.否,,,,2.否,,2009,121011121,津南区公路建设养护中心,2.否,新增台账,14.漏统,津南区公路建设养护中心,121011121,,,,,,,,,C5B8,孙国斌,韩静漪,02288531156,李国强,02288531156
C5B9120112001,C5B9120112,益富路,001,120112107000,南义心庄路延长线,0.00,双顺路,0.50,5.四级公路,12.水泥混凝土,0.50,0.50,4.00,5.00,0,2.否,,,,2.否,,2009,121011121,津南区公路建设养护中心,2.否,新增台账,14.漏统,津南区公路建设养护中心,121011121,,,,,,,,,C5B9,孙国斌,韩静漪,02288531156,李国强,02288531156
C5BA120112001,C5BA120112,益诚路,001,120112107000,南义心庄路延长线,0.00,南义心庄支路一,0.95,5.四级公路,12.水泥混凝土,0.95,0.95,4.00,5.00,0,2.否,,,,2.否,,2009,121011121,津南区公路建设养护中心,2.否,新增台账,14.漏统,津南区公路建设养护中心,121011121,,,,,,,,,C5BA,孙国斌,韩静漪,02288531156,李国强,02288531156
C5BB120112001,C5BB120112,益和路,001,120112107000,南义心庄支路二,0.00,南义心庄路延长线,0.86,5.四级公路,12.水泥混凝土,0.86,0.86,4.00,5.00,0,2.否,,,,2.否,,2009,121011121,津南区公路建设养护中心,2.否,新增台账,14.漏统,津南区公路建设养护中心,121011121,,,,,,,,,C5BB,孙国斌,韩静漪,02288531156,李国强,02288531156
C5BC120112001,C5BC120112,高心沟路,001,120112107000,双顺路,0.00,毛家沟村西,1.38,5.四级公路,12.水泥混凝土,1.38,1.38,4.00,5.00,0,2.否,,,,2.否,,2009,121011121,津南区公路建设养护中心,2.否,新增台账,14.漏统,津南区公路建设养护中心,121011121,,,,,,,,,C5BC,孙国斌,韩静漪,02288531156,李国强,02288531156
C5BD120112001,C5BD120112,一区北路,001,120112107000,刘家沟村路,0.00,河沿路,0.74,5.四级公路,12.水泥混凝土,0.74,0.74,4.00,5.00,0,2.否,,,,2.否,,2009,121011121,津南区公路建设养护中心,2.否,新增台账,14.漏统,津南区公路建设养护中心,121011121,,,,,,,,,C5BD,孙国斌,韩静漪,02288531156,李国强,02288531156
C5BE120112001,C5BE120112,何家洼新双路,001,120112107000,河沿路,0.00,何家洼,0.60,5.四级公路,12.水泥混凝土,0.60,0.60,4.00,5.00,0,2.否,,,,2.否,,2009,121011121,津南区公路建设养护中心,2.否,新增台账,14.漏统,津南区公路建设养护中心,121011121,,,,,,,,,C5BE,孙国斌,韩静漪,02288531156,李国强,02288531156
C5BF120112001,C5BF120112,老左营路,001,120112108000,津岐公路,0.00,义和庄村路,0.28,5.四级公路,12.水泥混凝土,0.28,0.28,5.00,6.00,0,2.否,,,,2.否,2000,1984,121011121,津南区公路建设养护中心,2.否,新增台账,14.漏统,津南区公路建设养护中心,121011121,,,,,,,,,C5BF,孙国斌,韩静漪,02288531156,李国强,02288531156
C645120112001,C645120112,笔架街路,001,120112102000,津歧路,0.00,东环路,2.46,4.三级公路,11.沥青混凝土,2.46,2.51,9.00,10.00,0,2.否,,,,2.否,,2011,121011121,津南区公路建设养护中心,2.否,,21.指标变更或地理位置变更,津南区公路建设养护中心,121011121,,,,,,,,,C645,孙国斌,韩静漪,02288531156,李国强,02288531156
C686120112001,C686120112,新营路,001,120112102000,小站中心路,0.00,阀门厂,1.66,5.四级公路,12.水泥混凝土,1.66,1.66,4.00,5.00,0,2.否,,,,2.否,2002,1988,121011121,津南区公路建设养护中心,2.否,,10.未变更,津南区公路建设养护中心,121011121,,,,C686120112,0.00,1.66,1.66,2.否,C686,孙国斌,韩静漪,02288531156,李国强,02288531156
C686120112002,C686120112,新营路,002,120112102000,阀门厂,1.66,营盘圈村北,2.11,5.四级公路,11.沥青混凝土,0.46,0.46,5.00,6.00,0,2.否,,,,2.否,2002,1988,121011121,津南区公路建设养护中心,2.否,,10.未变更,津南区公路建设养护中心,121011121,,,,C686120112,1.66,2.11,0.46,2.否,C686,孙国斌,韩静漪,02288531156,李国强,02288531156
C689120112001,C689120112,四道沟村路,001,120112102000,葛万路,0.00,东上路,3.78,5.四级公路,11.沥青混凝土,3.78,3.78,4.00,5.00,1,2.否,,,,2.否,2013,1986,121011121,津南区公路建设养护中心,2.否,,10.未变更,津南区公路建设养护中心,121011121,,,,C689120112,0.00,0.92,0.92,2.否,C689,孙国斌,韩静漪,02288531156,李国强,02288531156
C692120112001,C692120112,南副营村路,001,120112102000,小站中心道,0.00,东上路,1.88,5.四级公路,12.水泥混凝土,1.88,1.88,4.00,5.00,1,2.否,,,,2.否,2014,1986,121011121,津南区公路建设养护中心,2.否,,10.未变更,津南区公路建设养护中心,121011121,,,,C692120112,0.00,1.88,1.88,2.否,C692,孙国斌,韩静漪,02288531156,李国强,02288531156
C699120112001,C699120112,前闸路,001,120112102000,津岐路,0.00,拆分点,0.63,5.四级公路,12.水泥混凝土,0.63,0.63,5.00,6.00,0,2.否,,,,2.否,,1986,121011121,津南区公路建设养护中心,2.否,,10.未变更,津南区公路建设养护中心,121011121,,,,C699120112,0.00,0.63,0.63,2.否,C699,孙国斌,韩静漪,02288531156,李国强,02288531156
C699120112002,C699120112,前闸路,002,120112102000,拆分点,0.63,葛万路,2.20,5.四级公路,12.水泥混凝土,1.57,1.57,5.00,6.00,0,2.否,,,,2.否,2013,1986,121011121,津南区公路建设养护中心,2.否,,10.未变更,津南区公路建设养护中心,121011121,,,,C699120112,0.63,2.20,1.57,2.否,C699,孙国斌,韩静漪,02288531156,李国强,02288531156
C701120112001,C701120112,坨子地村路,001,120112102000,津岐路,0.00,坨子地村,0.98,5.四级公路,12.水泥混凝土,0.98,0.97,4.00,5.00,0,2.否,,,,2.否,2005,1990,121011121,津南区公路建设养护中心,2.否,,10.未变更,津南区公路建设养护中心,121011121,,,,C701120112,0.00,0.53,0.53,2.否,C701,孙国斌,韩静漪,02288531156,李国强,02288531156
C702120112001,C702120112,东西庄房村路,001,120112102000,津岐路,0.00,东西庄房村,1.20,5.四级公路,12.水泥混凝土,1.20,1.20,4.00,5.00,0,2.否,,,,2.否,2014,1986,121011121,津南区公路建设养护中心,2.否,,21.指标变更或地理位置变更,津南区公路建设养护中心,121011121,,,,C702120112,0.00,0.43,0.43,2.否,C702,孙国斌,韩静漪,02288531156,李国强,02288531156
C703120112001,C703120112,迎新村路,001,120112102000,津岐路,0.00,迎新村入点,0.12,5.四级公路,11.沥青混凝土,0.12,0.12,4.00,5.00,0,2.否,,,,2.否,2012,1986,121011121,津南区公路建设养护中心,2.否,,10.未变更,津南区公路建设养护中心,121011121,,,,C703120112,0.00,0.12,0.12,2.否,C703,孙国斌,韩静漪,02288531156,李国强,02288531156
C703120112002,C703120112,迎新村路,002,120112102000,迎新村入点,0.12,迎新村,1.31,5.四级公路,11.沥青混凝土,1.19,1.19,4.00,5.00,0,2.否,,,,2.否,2012,1986,121011121,津南区公路建设养护中心,2.否,,10.未变更,津南区公路建设养护中心,121011121,,,,C703120112,0.12,1.31,1.19,2.否,C703,孙国斌,韩静漪,02288531156,李国强,02288531156
C705120112001,C705120112,会场路,001,120112102000,葛万路,0.00,会场入点,0.33,5.四级公路,12.水泥混凝土,0.33,0.33,4.00,5.00,0,2.否,,,,2.否,,1987,121011121,津南区公路建设养护中心,2.否,,10.未变更,津南区公路建设养护中心,121011121,,,,C705120112,0.00,0.33,0.33,2.否,C705,孙国斌,韩静漪,02288531156,李国强,02288531156
C705120112002,C705120112,会场路,002,120112102000,会场入点,0.33,拆分点,0.99,5.四级公路,12.水泥混凝土,0.66,0.66,4.00,5.00,0,2.否,,,,2.否,2014,1987,121011121,津南区公路建设养护中心,2.否,,10.未变更,津南区公路建设养护中心,121011121,,,,C705120112,0.33,0.99,0.66,2.否,C705,孙国斌,韩静漪,02288531156,李国强,02288531156
C705120112003,C705120112,会场路,003,120112102000,拆分点,0.99,操场河村,1.79,5.四级公路,12.水泥混凝土,0.80,0.80,4.00,5.00,0,2.否,,,,2.否,,1987,121011121,津南区公路建设养护中心,2.否,,10.未变更,津南区公路建设养护中心,121011121,,,,C705120112,0.99,1.79,0.80,2.否,C705,孙国斌,韩静漪,02288531156,李国强,02288531156
C744120112001,C744120112,河沿路,001,120112107000,津港路,0.00,刘家沟村口,3.40,5.四级公路,11.沥青混凝土,3.40,3.39,4.00,5.00,0,2.否,,,,2.否,2014,1985,121011121,津南区公路建设养护中心,2.否,,21.指标变更或地理位置变更,津南区公路建设养护中心,121011121,,,,,,,,,C744,孙国斌,韩静漪,02288531156,李国强,02288531156
C744120112002,C744120112,河沿路,002,120112107000,刘家沟村口,3.40,双顺路,4.67,5.四级公路,12.水泥混凝土,1.27,1.28,4.00,5.00,0,2.否,,,,2.否,2005,1984,121011121,津南区公路建设养护中心,2.否,,21.指标变更或地理位置变更,津南区公路建设养护中心,121011121,,,,,,,,,C744,孙国斌,韩静漪,02288531156,李国强,02288531156
C744120112003,C744120112,河沿路,003,120112107000,双顺路,4.67,津南区界,6.22,5.四级公路,12.水泥混凝土,1.55,1.56,6.00,7.00,0,2.否,,,,2.否,2004,1984,121011121,津南区公路建设养护中心,2.否,,21.指标变更或地理位置变更,津南区公路建设养护中心,121011121,,,,,,,,,C744,孙国斌,韩静漪,02288531156,李国强,02288531156
C745120112001,C745120112,西小站村路,001,120112107000,双顺路,0.00,河沿路,1.34,5.四级公路,11.沥青混凝土,1.34,1.34,4.00,5.00,0,2.否,,,,2.否,,1985,121011121,津南区公路建设养护中心,2.否,,10.未变更,津南区公路建设养护中心,121011121,,,,C745120112,0.00,0.81,0.81,2.否,C745,孙国斌,韩静漪,02288531156,李国强,02288531156
C748120112001,C748120112,幸福路,001,120112107000,津港路,0.00,水库路,2.42,4.三级公路,12.水泥混凝土,2.42,2.42,17.00,18.00,2,2.否,,,,2.否,2011,1991,121011121,津南区公路建设养护中心,2.否,台帐核实,21.指标变更或地理位置变更,津南区公路建设养护中心,121011121,,,,,,,,,C748,孙国斌,韩静漪,02288531156,李国强,02288531156
C750120112001,C750120112,双闸村路,001,120112107000,葛万路,0.00,双中路,0.81,3.二级公路,12.水泥混凝土,0.81,0.81,9.00,10.00,0,2.否,,,,2.否,2004,1984,121011121,津南区公路建设养护中心,2.否,,10.未变更,津南区公路建设养护中心,121011121,,,,C750120112,0.00,0.81,0.81,2.否,C750,孙国斌,韩静漪,02288531156,李国强,02288531156
C751120112001,C751120112,和顺地村路,001,120112107000,双中路,0.00,和顺地村北,1.28,5.四级公路,11.沥青混凝土,1.28,1.28,4.00,5.00,0,2.否,,,,2.否,2008,1984,121011121,津南区公路建设养护中心,2.否,,21.指标变更或地理位置变更,津南区公路建设养护中心,121011121,,,,,,,,,C751,孙国斌,韩静漪,02288531156,李国强,02288531156
C752120112001,C752120112,刘家沟村路,001,120112107000,刘家沟村口,0.00,双顺路,0.86,5.四级公路,12.水泥混凝土,0.86,0.86,4.00,5.00,0,2.否,,,,2.否,,1984,121011121,津南区公路建设养护中心,2.否,,21.指标变更或地理位置变更,津南区公路建设养护中心,121011121,,,,,,,,,C752,孙国斌,韩静漪,02288531156,李国强,02288531156
C752120112002,C752120112,刘家沟村路,002,120112107000,双顺路,0.86,刘家沟村西,2.09,5.四级公路,12.水泥混凝土,1.23,1.23,4.00,5.00,0,2.否,,,,2.否,2005,1984,121011121,津南区公路建设养护中心,2.否,,21.指标变更或地理位置变更,津南区公路建设养护中心,121011121,,,,,,,,,C752,孙国斌,韩静漪,02288531156,李国强,02288531156
C753120112001,C753120112,毛家沟村路,001,120112107000,双闸村路,0.00,毛家沟村入点,1.32,5.四级公路,12.水泥混凝土,1.32,1.32,7.00,8.00,0,2.否,,,,2.否,,1984,121011121,津南区公路建设养护中心,2.否,,21.指标变更或地理位置变更,津南区公路建设养护中心,121011121,,,,,,,,,C753,孙国斌,韩静漪,02288531156,李国强,02288531156
C753120112002,C753120112,毛家沟村路,002,120112107000,毛家沟村入点,1.32,双顺路,1.92,5.四级公路,12.水泥混凝土,0.59,0.60,7.00,8.00,0,2.否,,,,2.否,,1984,121011121,津南区公路建设养护中心,2.否,,21.指标变更或地理位置变更,津南区公路建设养护中心,121011121,,,,,,,,,C753,孙国斌,韩静漪,02288531156,李国强,02288531156
C754120112001,C754120112,南义心庄村路,001,120112107000,双中路,0.00,KO+395,0.50,5.四级公路,12.水泥混凝土,0.50,0.51,4.00,5.00,0,2.否,,,,2.否,2008,1984,121011121,津南区公路建设养护中心,2.否,,10.未变更,津南区公路建设养护中心,121011121,,,,C754120112,0.00,0.50,0.50,2.否,C754,孙国斌,韩静漪,02288531156,李国强,02288531156
C755120112001,C755120112,北中塘村路,001,120112107000,葛万路,0.00,刘家沟村路三,1.04,5.四级公路,12.水泥混凝土,1.04,1.05,5.00,6.00,0,2.否,,,,2.否,2013,1984,121011121,津南区公路建设养护中心,2.否,,21.指标变更或地理位置变更,津南区公路建设养护中心,121011121,,,,,,,,,C755,孙国斌,韩静漪,02288531156,李国强,02288531156
C774120112001,C774120112,东嘴村路,001,120112106000,袁茶路,0.00,村北,0.47,5.四级公路,12.水泥混凝土,0.47,0.48,4.00,5.00,0,2.否,,,,2.否,,1986,121011121,津南区公路建设养护中心,2.否,,10.未变更,津南区公路建设养护中心,121011121,,,,C774120112,0.00,0.47,0.47,2.否,C774,孙国斌,韩静漪,02288531156,李国强,02288531156
C776120112001,C776120112,东泥沽村路,001,120112106000,东金路,0.00,东泥沽村入点,0.30,5.四级公路,12.水泥混凝土,0.30,0.30,6.00,7.00,0,2.否,,,,2.否,2002,1985,121011121,津南区公路建设养护中心,2.否,,21.指标变更或地理位置变更,津南区公路建设养护中心,121011121,,,,C776120112,0.00,0.30,0.30,2.否,C776,孙国斌,韩静漪,02288531156,李国强,02288531156
C776120112002,C776120112,东泥沽村路,002,120112106000,东泥沽村入点,0.30,东泥沽村村西,1.17,5.四级公路,12.水泥混凝土,0.87,0.89,6.00,7.00,0,2.否,,,,2.否,2002,1985,121011121,津南区公路建设养护中心,2.否,,21.指标变更或地理位置变更,津南区公路建设养护中心,121011121,,,,C776120112,0.30,1.17,0.87,2.否,C776,孙国斌,韩静漪,02288531156,李国强,02288531156
C782120112001,C782120112,祥福路,001,120112106000,朝荣道,0.00,南华路,0.37,5.四级公路,11.沥青混凝土,0.37,0.37,16.00,17.00,0,2.否,,,,2.否,,2010,121011121,津南区公路建设养护中心,2.否,路名变更,10.未变更,津南区公路建设养护中心,121011121,,,,C782120112,0.00,0.37,0.37,2.否,C782,孙国斌,韩静漪,02288531156,李国强,02288531156
C790120112001,C790120112,北义心庄路,001,120112108000,津港路,0.00,西右营村,0.30,5.四级公路,12.水泥混凝土,0.30,0.35,6.00,7.00,0,2.否,,,,2.否,,2005,121011121,津南区公路建设养护中心,2.否,,10.未变更,津南区公路建设养护中心,121011121,,,,C790120112,0.00,0.30,0.30,2.否,C790,孙国斌,韩静漪,02288531156,李国强,02288531156
C790120112002,C790120112,北义心庄路,002,120112108000,西右营村,0.30,金河畔商砼公司,0.74,5.四级公路,12.水泥混凝土,0.43,0.43,5.00,6.00,0,2.否,,,,2.否,,2005,121011121,津南区公路建设养护中心,2.否,,10.未变更,津南区公路建设养护中心,121011121,,,,C790120112,0.30,0.74,0.43,2.否,C790,孙国斌,韩静漪,02288531156,李国强,02288531156
C790120112003,C790120112,北义心庄路,003,120112108000,金河畔商砼公司,0.74,北义心庄村路二,1.19,5.四级公路,12.水泥混凝土,0.45,0.45,6.00,7.00,0,2.否,,,,2.否,,1985,121011121,津南区公路建设养护中心,2.否,,10.未变更,津南区公路建设养护中心,121011121,,,,C790120112,0.74,1.19,0.45,2.否,C790,孙国斌,韩静漪,02288531156,李国强,02288531156
C798120112001,C798120112,义和庄村路,001,120112108000,老左营村路,0.00,涵洞,0.48,5.四级公路,12.水泥混凝土,0.48,0.48,5.00,6.00,1,2.否,,,,2.否,,1985,121011121,津南区公路建设养护中心,2.否,,10.未变更,津南区公路建设养护中心,121011121,,,,C798120112,0.00,0.48,0.48,2.否,C798,孙国斌,韩静漪,02288531156,李国强,02288531156
C798120112002,C798120112,义和庄村路,002,120112108000,涵洞,0.48,义和庄村路一,1.01,5.四级公路,12.水泥混凝土,0.52,0.52,5.00,6.00,2,2.否,,,,2.否,,1985,121011121,津南区公路建设养护中心,2.否,,10.未变更,津南区公路建设养护中心,121011121,,,,C798120112,0.48,1.01,0.52,2.否,C798,孙国斌,韩静漪,02288531156,李国强,02288531156
C798120112003,C798120112,义和庄村路,003,120112108000,义和庄村路一,1.01,义和庄村路,1.85,5.四级公路,12.水泥混凝土,0.84,0.84,5.00,6.00,0,2.否,,,,2.否,,1985,121011121,津南区公路建设养护中心,2.否,,10.未变更,津南区公路建设养护中心,121011121,,,,C798120112,1.01,1.85,0.84,2.否,C798,孙国斌,韩静漪,02288531156,李国强,02288531156
C799120112001,C799120112,光明村路,001,120112108000,津港路,0.00,光明工业区路,0.61,5.四级公路,12.水泥混凝土,0.61,0.60,5.00,6.00,0,2.否,,,,2.否,,1985,121011121,津南区公路建设养护中心,2.否,,10.未变更,津南区公路建设养护中心,121011121,,,,C799120112,0.00,0.61,0.61,2.否,C799,孙国斌,韩静漪,02288531156,李国强,02288531156
C799120112002,C799120112,光明村路,002,120112108000,光明工业区路,0.61,老左营村路二,2.16,5.四级公路,12.水泥混凝土,1.55,1.55,5.00,6.00,0,2.否,,,,2.否,,1985,121011121,津南区公路建设养护中心,2.否,,10.未变更,津南区公路建设养护中心,121011121,,,,C799120112,0.61,2.16,1.55,2.否,C799,孙国斌,韩静漪,02288531156,李国强,02288531156
C803120112001,C803120112,大芦庄村路,001,120112108000,津岐路,0.00,大芦庄村,0.74,5.四级公路,12.水泥混凝土,0.74,0.74,5.00,6.00,0,2.否,,,,2.否,,1975,121011121,津南区公路建设养护中心,2.否,,10.未变更,津南区公路建设养护中心,121011121,,,,C803120112,0.00,0.74,0.74,2.否,C803,孙国斌,韩静漪,02288531156,李国强,02288531156
CAGM120112001,CAGM120112,新营路支路一,001,120112102000,东上路,0.00,汉港路,0.46,4.三级公路,11.沥青混凝土,0.46,0.46,8.00,9.00,0,2.否,,,,2.否,,2004,121011121,津南区公路建设养护中心,2.否,,10.未变更,津南区公路建设养护中心,121011121,,,,CAGM120112,0.00,0.46,0.46,2.否,CAGM,孙国斌,韩静漪,02288531156,李国强,02288531156
CAGN120112001,CAGN120112,新营路之路二,001,120112102000,东上路,0.00,阀门厂,0.45,3.二级公路,12.水泥混凝土,0.45,0.45,10.00,12.00,0,2.否,,,,2.否,,2004,121011121,津南区公路建设养护中心,2.否,,10.未变更,津南区公路建设养护中心,121011121,,,,CAGN120112,0.00,0.45,0.45,2.否,CAGN,孙国斌,韩静漪,02288531156,李国强,02288531156
CAGO120112001,CAGO120112,新营路支路三,001,120112102000,营盘圈村北,0.00,营盘圈村南,0.77,5.四级公路,11.沥青混凝土,0.77,0.77,4.00,5.00,0,2.否,,,,2.否,,2000,121011121,津南区公路建设养护中心,2.否,,10.未变更,津南区公路建设养护中心,121011121,,,,CAGO120112,0.00,0.77,0.77,2.否,CAGO,孙国斌,韩静漪,02288531156,李国强,02288531156
CAGP120112001,CAGP120112,新营路支路四,001,120112102000,东上路,0.00,阀门厂,0.45,3.二级公路,12.水泥混凝土,0.45,0.42,10.00,12.00,0,2.否,,,,2.否,,2004,121011121,津南区公路建设养护中心,2.否,,10.未变更,津南区公路建设养护中心,121011121,,,,CAGP120112,0.00,0.45,0.45,2.否,CAGP,孙国斌,韩静漪,02288531156,李国强,02288531156
CAGQ120112001,CAGQ120112,新营路支路五,001,120112102000,新营路,0.00,东上路,0.23,5.四级公路,12.水泥混凝土,0.23,0.23,4.00,5.00,0,2.否,,,,2.否,2000,1988,121011121,津南区公路建设养护中心,2.否,,10.未变更,津南区公路建设养护中心,121011121,,,,CAGQ120112,0.00,0.23,0.23,2.否,CAGQ,孙国斌,韩静漪,02288531156,李国强,02288531156
CAGR120112001,CAGR120112,新营路支路六,001,120112102000,东上路,0.00,新开路村西,0.32,5.四级公路,12.水泥混凝土,0.32,0.34,4.00,5.00,0,2.否,,,,2.否,2000,1988,121011121,津南区公路建设养护中心,2.否,,10.未变更,津南区公路建设养护中心,121011121,,,,CAGR120112,0.00,0.32,0.32,2.否,CAGR,孙国斌,韩静漪,02288531156,李国强,02288531156
CAGS120112001,CAGS120112,新营路支路七,001,120112102000,东上路,0.00,新开路村东,0.34,5.四级公路,12.水泥混凝土,0.34,0.34,4.00,5.00,0,2.否,,,,2.否,2000,1988,121011121,津南区公路建设养护中心,2.否,,10.未变更,津南区公路建设养护中心,121011121,,,,CAGS120112,0.00,0.34,0.34,2.否,CAGS,孙国斌,韩静漪,02288531156,李国强,02288531156
CAGU120112001,CAGU120112,前闸路支路一,001,120112102000,前闸路,0.00,东闸村,1.00,5.四级公路,12.水泥混凝土,1.00,1.00,4.00,5.00,0,2.否,,,,2.否,2014,1986,121011121,津南区公路建设养护中心,2.否,,10.未变更,津南区公路建设养护中心,121011121,,,,CAGU120112,0.00,1.00,1.00,2.否,CAGU,孙国斌,韩静漪,02288531156,李国强,02288531156
CAGV120112001,CAGV120112,坨子地村路支路一,001,120112102000,坨子地村路,0.00,小站中心道,0.18,5.四级公路,12.水泥混凝土,0.18,0.18,4.00,5.00,0,2.否,,,,2.否,2005,1990,121011121,津南区公路建设养护中心,2.否,,10.未变更,津南区公路建设养护中心,121011121,,,,CAGV120112,0.00,0.18,0.18,2.否,CAGV,孙国斌,韩静漪,02288531156,李国强,02288531156
CAGW120112001,CAGW120112,会场路支路一,001,120112102000,会场路,0.00,操场河村内,0.38,5.四级公路,11.沥青混凝土,0.38,0.38,4.00,5.00,0,2.否,,,,2.否,2014,1987,121011121,津南区公路建设养护中心,2.否,,10.未变更,津南区公路建设养护中心,121011121,,,,CAGW120112,0.00,0.38,0.38,2.否,CAGW,孙国斌,韩静漪,02288531156,李国强,02288531156
CB2X120112001,CB2X120112,双闸口村路,001,120112107000,双闸村路,0.00,双中路,0.77,4.三级公路,12.水泥混凝土,0.77,0.77,8.00,10.00,0,2.否,,,,2.否,,2006,121011121,津南区公路建设养护中心,2.否,,10.未变更,津南区公路建设养护中心,121011121,,,,CB2X120112,0.00,0.77,0.77,2.否,CB2X,孙国斌,韩静漪,02288531156,李国强,02288531156
CBM4120112001,CBM4120112,双闸村路支路一,001,120112107000,双中路,0.00,双闸村路,0.42,3.二级公路,12.水泥混凝土,0.42,0.42,9.00,10.00,0,2.否,,,,2.否,2004,1984,121011121,津南区公路建设养护中心,2.否,,10.未变更,津南区公路建设养护中心,121011121,,,,CBM4120112,0.00,0.42,0.42,2.否,CBM4,孙国斌,韩静漪,02288531156,李国强,02288531156
CBM5120112001,CBM5120112,刘家沟村路支路一,001,120112107000,K0+754,0.00,刘家沟村西,0.57,5.四级公路,12.水泥混凝土,0.57,0.57,4.00,5.00,0,2.否,,,,2.否,,1984,121011121,津南区公路建设养护中心,2.否,,21.指标变更或地理位置变更,津南区公路建设养护中心,121011121,,,,,,,,,CBM5,孙国斌,韩静漪,02288531156,李国强,02288531156
CBMD120112001,CBMD120112,东嘴村路支路一,001,120112106000,袁茶路,0.00,村南,0.33,5.四级公路,12.水泥混凝土,0.33,0.33,4.00,5.00,0,2.否,,,,2.否,,1985,121011121,津南区公路建设养护中心,2.否,,10.未变更,津南区公路建设养护中心,121011121,,,,CBMD120112,0.00,0.33,0.33,2.否,CBMD,孙国斌,韩静漪,02288531156,李国强,02288531156
CBME120112001,CBME120112,东嘴村路支路二,001,120112106000,袁茶路,0.00,村南,0.33,5.四级公路,12.水泥混凝土,0.33,0.33,4.00,5.00,0,2.否,,,,2.否,,1985,121011121,津南区公路建设养护中心,2.否,,10.未变更,津南区公路建设养护中心,121011121,,,,CBME120112,0.00,0.33,0.33,2.否,CBME,孙国斌,韩静漪,02288531156,李国强,02288531156
CBMM120112001,CBMM120112,传盛村路支路一,001,120112102000,传盛路,0.00,传盛村,0.71,4.三级公路,12.水泥混凝土,0.71,0.71,8.00,9.00,0,2.否,,,,2.否,,2004,121011121,津南区公路建设养护中心,2.否,,10.未变更,津南区公路建设养护中心,121011121,,,,CBMM120112,0.00,0.71,0.71,2.否,CBMM,孙国斌,韩静漪,02288531156,李国强,02288531156
CBMP120112001,CBMP120112,北义心庄路支路一,001,120112108000,津港路,0.00,C790120112,0.46,5.四级公路,12.水泥混凝土,0.46,0.46,6.00,7.00,0,2.否,,,,2.否,,1985,121011121,津南区公路建设养护中心,2.否,,10.未变更,津南区公路建设养护中心,121011121,,,,CBMP120112,0.00,0.46,0.46,2.否,CBMP,孙国斌,韩静漪,02288531156,李国强,02288531156
CBMP120112002,CBMP120112,北义心庄路支路一,002,120112108000,C790120112,0.46,北义心庄村,0.78,5.四级公路,12.水泥混凝土,0.32,0.32,6.00,7.00,0,2.否,,,,2.否,,1985,121011121,津南区公路建设养护中心,2.否,,10.未变更,津南区公路建设养护中心,121011121,,,,CBMP120112,0.46,0.78,0.32,2.否,CBMP,孙国斌,韩静漪,02288531156,李国强,02288531156
CBMQ120112001,CBMQ120112,北义心庄路支路二,001,120112108000,双中路,0.00,北义心庄村入囗,0.33,5.四级公路,12.水泥混凝土,0.33,0.33,6.00,7.00,0,2.否,,,,2.否,,1985,121011121,津南区公路建设养护中心,2.否,,10.未变更,津南区公路建设养护中心,121011121,,,,CBMQ120112,0.00,0.33,0.33,2.否,CBMQ,孙国斌,韩静漪,02288531156,李国强,02288531156
CBMQ120112002,CBMQ120112,北义心庄路支路二,002,120112108000,北义心庄村入囗,0.33,津港路,1.17,5.四级公路,12.水泥混凝土,0.84,0.85,6.00,7.00,0,2.否,,,,2.否,,1985,121011121,津南区公路建设养护中心,2.否,,10.未变更,津南区公路建设养护中心,121011121,,,,CBMQ120112,0.33,1.17,0.84,2.否,CBMQ,孙国斌,韩静漪,02288531156,李国强,02288531156
CBMQ120112003,CBMQ120112,北义心庄路支路二,003,120112108000,津港路,1.17,北义心庄村,1.91,5.四级公路,12.水泥混凝土,0.74,0.74,6.00,7.00,0,2.否,,,,2.否,,1985,121011121,津南区公路建设养护中心,2.否,,10.未变更,津南区公路建设养护中心,121011121,,,,CBMQ120112,1.17,1.91,0.74,2.否,CBMQ,孙国斌,韩静漪,02288531156,李国强,02288531156
CBMY120112001,CBMY120112,义和庄村路支路一,001,120112108000,义和庄村路一,0.00,月桥村路,0.31,5.四级公路,12.水泥混凝土,0.31,0.31,5.00,6.00,0,2.否,,,,2.否,,1985,121011121,津南区公路建设养护中心,2.否,,10.未变更,津南区公路建设养护中心,121011121,,,,CBMY120112,0.00,0.31,0.31,2.否,CBMY,孙国斌,韩静漪,02288531156,李国强,02288531156
CBMZ120112001,CBMZ120112,光明村路支路一,001,120112108000,光明村路,0.00,前进村路,0.27,5.四级公路,11.沥青混凝土,0.27,0.27,8.00,9.00,0,2.否,,,,2.否,,1985,121011121,津南区公路建设养护中心,2.否,,10.未变更,津南区公路建设养护中心,121011121,,,,CBMZ120112,0.00,0.27,0.27,2.否,CBMZ,孙国斌,韩静漪,02288531156,李国强,02288531156
CBN0120112001,CBN0120112,光明村路支路二,001,120112108000,前进路,0.00,光明路,0.27,5.四级公路,12.水泥混凝土,0.27,0.27,5.00,6.00,0,2.否,,,,2.否,,2000,121011121,津南区公路建设养护中心,2.否,,10.未变更,津南区公路建设养护中心,121011121,,,,CBN0120112,0.00,0.27,0.27,2.否,CBN0,孙国斌,韩静漪,02288531156,李国强,02288531156
CBN1120112001,CBN1120112,大芦庄村路支路一,001,120112108000,大芦庄村路,0.00,铸造厂,0.11,5.四级公路,12.水泥混凝土,0.11,0.11,5.00,6.00,0,2.否,,,,2.否,,1975,121011121,津南区公路建设养护中心,2.否,,10.未变更,津南区公路建设养护中心,121011121,,,,CBN1120112,0.00,0.11,0.11,2.否,CBN1,孙国斌,韩静漪,02288531156,李国强,02288531156
CBN2120112001,CBN2120112,大芦庄村路支路二,001,120112108000,铸造厂,0.00,大芦庄村路,0.18,5.四级公路,12.水泥混凝土,0.18,0.18,5.00,6.00,0,2.否,,,,2.否,,1975,121011121,津南区公路建设养护中心,2.否,,10.未变更,津南区公路建设养护中心,121011121,,,,CBN2120112,0.00,0.18,0.18,2.否,CBN2,孙国斌,韩静漪,02288531156,李国强,02288531156
CBN3120112001,CBN3120112,大芦庄村路支路三,001,120112108000,铸造厂,0.00,大芦庄村路,0.73,5.四级公路,12.水泥混凝土,0.73,0.73,5.00,6.00,0,2.否,,,,2.否,,1975,121011121,津南区公路建设养护中心,2.否,,10.未变更,津南区公路建设养护中心,121011121,,,,CBN3120112,0.00,0.73,0.73,2.否,CBN3,孙国斌,韩静漪,02288531156,李国强,02288531156
CCG7120112001,CCG7120112,建新路,001,120112108000,建新公寓,0.00,Y791120112,0.30,5.四级公路,11.沥青混凝土,0.30,0.30,6.00,7.00,0,2.否,,,,2.否,,2005,121011121,津南区公路建设养护中心,2.否,,10.未变更,津南区公路建设养护中心,121011121,,,,CCG7120112,0.00,0.30,0.30,2.否,CCG7,孙国斌,韩静漪,02288531156,李国强,02288531156
CCG8120112001,CCG8120112,政安路,001,120112108000,裕盛路,0.00,中心小学,0.40,3.二级公路,11.沥青混凝土,0.40,0.46,12.00,13.00,0,2.否,,,,2.否,,2004,121011121,津南区公路建设养护中心,2.否,,10.未变更,津南区公路建设养护中心,121011121,,,,CCG8120112,0.00,0.40,0.40,2.否,CCG8,孙国斌,韩静漪,02288531156,李国强,02288531156
CCG9120112001,CCG9120112,营富路,001,120112102000,东上路,0.00,村内,0.32,3.二级公路,12.水泥混凝土,0.32,0.32,10.00,12.00,0,2.否,,,,2.否,,2004,121011121,津南区公路建设养护中心,2.否,,10.未变更,津南区公路建设养护中心,121011121,,,,CCG9120112,0.00,0.32,0.32,2.否,CCG9,孙国斌,韩静漪,02288531156,李国强,02288531156
CCH0120112001,CCH0120112,营盘圈村路二,001,120112102000,东上路,0.00,西营路,0.18,5.四级公路,12.水泥混凝土,0.18,0.18,4.00,5.00,0,2.否,,,,2.否,2002,1988,121011121,津南区公路建设养护中心,2.否,,10.未变更,津南区公路建设养护中心,121011121,,,,CCH0120112,0.00,0.18,0.18,2.否,CCH0,孙国斌,韩静漪,02288531156,李国强,02288531156
CCH1120112001,CCH1120112,红旗路,001,120112102000,津岐路,0.00,盛塘路,1.32,3.二级公路,11.沥青混凝土,1.32,1.32,16.00,18.00,0,2.否,,,,2.否,,2003,121011121,津南区公路建设养护中心,2.否,,10.未变更,津南区公路建设养护中心,121011121,,,,CCH1120112,0.00,1.32,1.32,2.否,CCH1,孙国斌,韩静漪,02288531156,李国强,02288531156
CCH2120112001,CCH2120112,小黄庄村路,001,120112107000,葛万路,0.00,小黄庄村,0.17,5.四级公路,12.水泥混凝土,0.17,0.17,4.00,5.00,0,2.否,,,,2.否,2009,1985,121011121,津南区公路建设养护中心,2.否,,10.未变更,津南区公路建设养护中心,121011121,,,,CCH2120112,0.00,0.17,0.17,2.否,CCH2,孙国斌,韩静漪,02288531156,李国强,02288531156
CCH3120112001,CCH3120112,劳动道,001,120112101000,东官房村路,0.00,津沽路,3.62,5.四级公路,11.沥青混凝土,3.62,3.64,18.00,19.00,0,2.否,,,,2.否,,1993,121011121,津南区公路建设养护中心,2.否,,21.指标变更或地理位置变更,津南区公路建设养护中心,121011121,,,,CCH3120112,0.00,2.79,2.79,2.否,CCH3,孙国斌,韩静漪,02288531156,李国强,02288531156
CCH6120112001,CCH6120112,南付营路,001,120112102000,盛塘路,0.00,东环路,1.46,3.二级公路,11.沥青混凝土,1.46,1.48,12.00,14.00,0,2.否,,,,2.否,,2008,121011121,津南区公路建设养护中心,2.否,,21.指标变更或地理位置变更,津南区公路建设养护中心,121011121,,,,,,,,,CCH6,孙国斌,韩静漪,02288531156,李国强,02288531156
CCH7120112001,CCH7120112,前营路,001,120112102000,津歧路,0.00,东环路,2.59,3.二级公路,11.沥青混凝土,2.59,2.60,12.00,14.00,0,2.否,,,,2.否,,2008,121011121,津南区公路建设养护中心,2.否,,21.指标变更或地理位置变更,津南区公路建设养护中心,121011121,,,,,,,,,CCH7,孙国斌,韩静漪,02288531156,李国强,02288531156
CCH8120112001,CCH8120112,后营路,001,120112102000,津歧路,0.00,东环路,2.55,4.三级公路,11.沥青混凝土,2.55,2.57,8.00,9.00,0,2.否,,,,2.否,,2008,121011121,津南区公路建设养护中心,2.否,,21.指标变更或地理位置变更,津南区公路建设养护中心,121011121,,,,,,,,,CCH8,孙国斌,韩静漪,02288531156,李国强,02288531156
CCH9120112001,CCH9120112,丰乐路,001,120112102000,北马路,0.00,南付营路,1.67,4.三级公路,11.沥青混凝土,1.67,1.67,8.00,9.00,0,2.否,,,,2.否,,2008,121011121,津南区公路建设养护中心,2.否,,21.指标变更或地理位置变更,津南区公路建设养护中心,121011121,,,,,,,,,CCH9,孙国斌,韩静漪,02288531156,李国强,02288531156
CCHA120112001,CCHA120112,寿昌路,001,120112102000,北马路,0.00,南付营路,1.64,4.三级公路,11.沥青混凝土,1.64,1.64,8.00,9.00,0,2.否,,,,2.否,,2008,121011121,津南区公路建设养护中心,2.否,,21.指标变更或地理位置变更,津南区公路建设养护中心,121011121,,,,,,,,,CCHA,孙国斌,韩静漪,02288531156,李国强,02288531156
CCHC120112001,CCHC120112,南义心庄路延长线,001,120112107000,南义心庄路,0.00,头逍沟,2.60,5.四级公路,12.水泥混凝土,2.60,2.62,4.00,5.00,0,2.否,,,,2.否,,2008,121011121,津南区公路建设养护中心,2.否,,21.指标变更或地理位置变更,津南区公路建设养护中心,121011121,,,,CCHC120112,0.00,1.34,1.34,2.否,CCHC,孙国斌,韩静漪,02288531156,李国强,02288531156
CL2B120112001,CL2B120112,小黄庄村路,001,120112107000,西小站村路,0.00,村内,2.10,5.四级公路,12.水泥混凝土,2.10,2.11,4.00,5.00,0,2.否,,,,2.否,,2009,121011121,津南区公路建设养护中心,2.否,,21.指标变更或地理位置变更,津南区公路建设养护中心,121011121,,,,,,,,,CL2B,孙国斌,韩静漪,02288531156,李国强,02288531156
CM2A120112001,CM2A120112,小黄庄村一支路,001,120112107000,河沿路,0.00,小黄庄村一支路,0.19,5.四级公路,12.水泥混凝土,0.19,0.20,4.00,5.00,0,2.否,,,,2.否,,2009,121011121,津南区公路建设养护中心,2.否,,10.未变更,津南区公路建设养护中心,121011121,,,,CM2A120112,0.00,0.19,0.19,2.否,CM2A,孙国斌,韩静漪,02288531156,李国强,02288531156
CM4A120112001,CM4A120112,小黄庄村三支路,001,120112107000,小黄庄村二支路,0.00,双顺路,1.08,5.四级公路,12.水泥混凝土,1.08,1.09,4.00,5.00,0,2.否,,,,2.否,,2009,121011121,津南区公路建设养护中心,2.否,,10.未变更,津南区公路建设养护中心,121011121,,,,CM4A120112,0.00,1.08,1.08,2.否,CM4A,孙国斌,韩静漪,02288531156,李国强,02288531156
CM5A120112001,CM5A120112,小黄庄村四支路,001,120112107000,河沿路,0.00,小黄庄村二支路,0.15,5.四级公路,12.水泥混凝土,0.15,0.15,5.00,6.00,0,2.否,,,,2.否,,2009,121011121,津南区公路建设养护中心,2.否,,10.未变更,津南区公路建设养护中心,121011121,,,,CM5A120112,0.00,0.15,0.15,2.否,CM5A,孙国斌,韩静漪,02288531156,李国强,02288531156
CN1U120112001,CN1U120112,祥水路,001,120112106000,津沽路,0.00,村内,1.08,3.二级公路,11.沥青混凝土,1.08,1.08,18.00,19.00,0,2.否,,,,2.否,,2010,121011121,津南区公路建设养护中心,2.否,路明变更,10.未变更,津南区公路建设养护中心,121011121,,,,CN1U120112,0.00,1.08,1.08,2.否,CN1U,孙国斌,韩静漪,02288531156,李国强,02288531156
CN1U120112002,CN1U120112,祥水路,002,120112106000,村内,1.08,村跆,1.47,5.四级公路,11.沥青混凝土,0.39,0.39,6.00,7.00,0,2.否,,,,2.否,,2010,121011121,津南区公路建设养护中心,2.否,路名变更,10.未变更,津南区公路建设养护中心,121011121,,,,CN1U120112,1.08,1.47,0.39,2.否,CN1U,孙国斌,韩静漪,02288531156,李国强,02288531156
CN6F120112001,CN6F120112,迎新村支路一,001,120112102000,小站中心道,0.00,拆分点,0.84,4.三级公路,11.沥青混凝土,0.84,0.85,8.00,9.00,0,2.否,,,,2.否,,2000,121011121,津南区公路建设养护中心,2.否,,10.未变更,津南区公路建设养护中心,121011121,,,,,,,,,CN6F,孙国斌,韩静漪,02288531156,李国强,02288531156
CN6F120112002,CN6F120112,迎新村支路一,002,120112102000,拆分点,0.84,葛万公路,1.61,4.三级公路,11.沥青混凝土,0.77,0.77,8.00,9.00,0,2.否,,,,2.否,,2021,121011121,津南区公路建设养护中心,2.否,,11.新建,津南区公路建设养护中心,121011121,,,,,,,,,CN6F,赵志杰,韩静漪,02288531156,李国强,02288531156
X438120112001,X438120112,东金路,001,120112106000,东泥沽村,0.00,海河,1.47,5.四级公路,12.水泥混凝土,1.47,1.46,6.00,9.00,0,2.否,,,,2.否,1986,1970,121011121,津南区公路建设养护中心,2.否,,21.指标变更或地理位置变更,津南区公路建设养护中心,121011121,0.正常路段,,,X438120112,0.00,1.47,1.47,2.否,X438,高玉森,韩静漪,88531156,李国强,88531156
X441120112001,X441120112,梨双路,001,120112107000,津南界,7.31,津沽路,12.57,3.二级公路,11.沥青混凝土,5.26,5.26,16.00,22.00,10,2.否,,,,2.否,2005,1982,121011121,津南区公路建设养护中心,2.否,,21.指标变更或地理位置变更,津南区公路建设养护中心,121011121,0.正常路段,,,X441120112,7.31,8.31,1.00,2.否,X441,高玉森,韩静漪,88531156,李国强,88531156
X461120112001,X461120112,白万路,001,120112107000,津沽路,0.00,白塘口村出点,0.82,3.二级公路,11.沥青混凝土,0.82,0.82,9.00,14.00,1,2.否,,,,2.否,1991,1980,121011121,津南区公路建设养护中心,2.否,,21.指标变更或地理位置变更,津南区公路建设养护中心,121011121,0.正常路段,,,X461120112,0.00,0.44,0.44,2.否,X461,高玉森,韩静漪,88531156,李国强,88531156
X461120112002,X461120112,白万路,002,120112107000,白塘口村出点,0.82,与教育园道路交叉口,3.20,3.二级公路,11.沥青混凝土,2.38,2.38,9.00,12.00,2,2.否,,,,2.否,1993,1980,121011121,津南区公路建设养护中心,2.否,,21.指标变更或地理位置变更,津南区公路建设养护中心,121011121,0.正常路段,,,X461120112,0.82,1.55,0.73,2.否,X461,高玉森,韩静漪,88531156,李国强,88531156
X461120112003,X461120112,白万路,003,120112107000,与教育园道路交叉口,3.20,津港高速交叉口,5.50,3.二级公路,11.沥青混凝土,2.30,2.30,9.00,12.00,0,2.否,,,,2.否,1993,1980,121011121,津南区公路建设养护中心,1.是,城市道路,21.指标变更或地理位置变更,津南区公路建设养护中心,121011121,0.正常路段,,,X461120112,3.20,5.50,2.30,2.否,X461,高玉森,韩静漪,88531156,李国强,88531156
X461120112004,X461120112,白万路,004,120112107000,津港高速交叉口,5.50,二八线,10.05,3.二级公路,11.沥青混凝土,4.55,4.53,9.00,12.00,2,2.否,,,,2.否,1993,1980,121011121,津南区公路建设养护中心,2.否,,21.指标变更或地理位置变更,津南区公路建设养护中心,121011121,0.正常路段,,,X461120112,5.50,8.95,3.45,2.否,X461,高玉森,韩静漪,88531156,李国强,88531156
X461120112005,X461120112,白万路,005,120112107000,二八线,10.05,西青区界,16.97,3.二级公路,11.沥青混凝土,6.92,6.97,7.00,10.00,3,2.否,,,,2.否,,1979,121011121,津南区公路建设养护中心,2.否,,21.指标变更或地理位置变更,津南区公路建设养护中心,121011121,0.正常路段,,,X461120112,10.05,13.75,3.70,2.否,X461,高玉森,韩静漪,88531156,李国强,88531156
X464120112001,X464120112,津沽支线,001,120112107000,津沽路,0.00,津岐线,0.20,3.二级公路,11.沥青混凝土,0.20,0.20,10.00,20.00,0,2.否,,,,2.否,,1986,121011121,津南区公路建设养护中心,2.否,,21.指标变更或地理位置变更,津南区公路建设养护中心,121011121,0.正常路段,,,X464120112,0.00,0.20,0.20,2.否,X464,高玉森,韩静漪,88531156,李国强,88531156
X465120112001,X465120112,双东路,001,120112107000,津港线,0.00,月牙河桥桥头,3.20,3.二级公路,11.沥青混凝土,3.20,3.21,22.00,26.00,4,2.否,,,,2.否,2010,2003,121011121,津南区公路建设养护中心,2.否,,21.指标变更或地理位置变更,津南区公路建设养护中心,121011121,0.正常路段,,,X465120112,0.00,3.50,3.50,2.否,X465,高玉森,韩静漪,88531156,李国强,88531156
X465120112002,X465120112,双东路,002,120112107000,月牙河桥桥头,3.20,津岐线,3.50,3.二级公路,11.沥青混凝土,0.30,0.30,16.00,26.00,0,2.否,,,,2.否,2010,2003,121011121,津南区公路建设养护中心,2.否,,21.指标变更或地理位置变更,津南区公路建设养护中心,121011121,0.正常路段,,,X465120112,0.00,3.50,3.50,2.否,X465,高玉森,韩静漪,88531156,李国强,88531156
X467120112001,X467120112,津沽附线二,001,120112101000,津沽路交叉口,0.00,老街里,1.62,4.三级公路,11.沥青混凝土,1.62,1.62,8.00,12.00,0,2.否,,,,2.否,,1966,121011121,津南区公路建设养护中心,2.否,,21.指标变更或地理位置变更,津南区公路建设养护中心,121011121,0.正常路段,,,X467120112,0.00,1.62,1.62,2.否,X467,高玉森,韩静漪,88531156,李国强,88531156
X467120112002,X467120112,津沽附线二,002,120112101000,老街里,1.62,津沽路,2.18,3.二级公路,11.沥青混凝土,0.56,0.55,12.00,14.00,0,2.否,,,,2.否,1995,1966,121011121,津南区公路建设养护中心,2.否,,21.指标变更或地理位置变更,津南区公路建设养护中心,121011121,0.正常路段,,,X467120112,1.62,2.18,0.56,2.否,X467,高玉森,韩静漪,88531156,李国强,88531156
X467120112003,X467120112,津沽附线二,003,120112101000,津沽路,2.18,葛万线,2.45,3.二级公路,11.沥青混凝土,0.27,0.27,12.00,14.00,0,1.是,,S105,006,2.否,1999,1966,121011121,津南区公路建设养护中心,2.否,,21.指标变更或地理位置变更,津南区公路建设养护中心,121011121,0.正常路段,,,X467120112,2.18,4.03,1.85,2.否,X467,高玉森,韩静漪,88531156,李国强,88531156
X467120112004,X467120112,津沽附线二,004,120112101000,葛万线,2.45,津沽线交叉口,4.03,3.二级公路,11.沥青混凝土,1.58,1.56,12.00,14.00,0,1.是,,S105,007,2.否,1999,1966,121011121,津南区公路建设养护中心,2.否,,21.指标变更或地理位置变更,津南区公路建设养护中心,121011121,0.正常路段,,,X467120112,2.18,4.03,1.85,2.否,X467,高玉森,韩静漪,88531156,李国强,88531156
X467120112005,X467120112,津沽附线二,005,120112101000,津沽线交叉口,4.03,津南塘沽界,7.84,3.二级公路,11.沥青混凝土,3.81,3.83,9.00,12.00,1,2.否,,,,2.否,1999,1966,121011121,津南区公路建设养护中心,2.否,,21.指标变更或地理位置变更,津南区公路建设养护中心,121011121,0.正常路段,,,X467120112,4.03,7.84,3.81,2.否,X467,高玉森,韩静漪,88531156,李国强,88531156
X468120112001,X468120112,盛塘路,001,120112107000,津港路,0.00,津歧线交叉口,3.46,3.二级公路,11.沥青混凝土,3.46,3.46,16.00,19.00,1,2.否,,,,2.否,,2004,121011121,津南区公路建设养护中心,2.否,,21.指标变更或地理位置变更,津南区公路建设养护中心,121011121,0.正常路段,,,X468120112,0.00,3.59,3.59,2.否,X468,高玉森,韩静漪,88531156,李国强,88531156
X468120112002,X468120112,盛塘路,002,120112107000,津歧线交叉口,3.46,葛万线,5.62,3.二级公路,11.沥青混凝土,2.16,2.24,16.00,19.00,0,2.否,,,,2.否,,2004,121011121,津南区公路建设养护中心,2.否,,21.指标变更或地理位置变更,津南区公路建设养护中心,121011121,0.正常路段,,,X468120112,0.00,3.59,3.59,2.否,X468,高玉森,韩静漪,88531156,李国强,88531156
Y035120112001,Y035120112,洪泥河东路,001,120112107000,八二路,0.00,洪泥河东侧,7.63,4.三级公路,11.沥青混凝土,7.63,7.64,9.00,10.00,0,2.否,,,,2.否,,2011,121011121,津南区公路建设养护中心,2.否,,10.未变更,津南区公路建设养护中心,121011121,,,,Y035120112,0.00,7.63,7.63,2.否,Y035,孙国斌,韩静漪,02288531156,李国强,02288531156
Y049120112001,Y049120112,盛塘北路,001,120112102000,津歧路,0.00,小站镇北马路,1.52,3.二级公路,11.沥青混凝土,1.52,1.51,16.00,17.00,0,2.否,,,,2.否,,2011,121011121,津南区公路建设养护中心,2.否,,10.未变更,津南区公路建设养护中心,121011121,,,,Y049120112,0.00,1.52,1.52,2.否,Y049,孙国斌,韩静漪,02288531156,李国强,02288531156
Y051120112001,Y051120112,小站镇北马路,001,120112102000,津歧路,0.00,汉港路,5.27,3.二级公路,11.沥青混凝土,5.27,5.34,15.00,16.00,0,2.否,,,,2.否,,2011,121011121,津南区公路建设养护中心,2.否,,21.指标变更或地理位置变更,津南区公路建设养护中心,121011121,,,,,,,,,Y051,孙国斌,韩静漪,02288531156,李国强,02288531156
Y5A0120112001,Y5A0120112,盛塘南路延长线,001,120112102000,葛万路,0.00,小站中心道,1.78,4.三级公路,11.沥青混凝土,1.78,1.78,6.00,7.00,0,2.否,,,,2.否,,2013,121011121,津南区公路建设养护中心,2.否,,10.未变更,津南区公路建设养护中心,121011121,,,,,,,,,Y5A0,孙国斌,韩静漪,02288531156,李国强,02288531156
Y5A1120112001,Y5A1120112,东环路,001,120112102000,北马路,0.00,葛万公路,1.67,3.二级公路,11.沥青混凝土,1.67,1.66,12.00,12.00,0,2.否,,,,2.否,,2014,121011121,津南区公路建设养护中心,2.否,,21.指标变更或地理位置变更,津南区公路建设养护中心,121011121,,,,,,,,,Y5A1,孙国斌,韩静漪,02288531156,李国强,02288531156
Y5A2120112001,Y5A2120112,天嘉湖大道南延线,001,120112107000,天嘉湖大道,0.00,双顺路,1.05,4.三级公路,11.沥青混凝土,1.05,1.10,8.00,9.00,0,2.否,,,,2.否,,2021,121011121,津南区公路建设养护中心,2.否,,11.新建,津南区公路建设养护中心,121011121,,,,,,,,,Y5A2,孙国斌,韩静漪,02288531156,李国强,02288531156
Y5A3120112001,Y5A3120112,幸福横河路,001,120112108000,宣惠道,0.00,海尔大道,3.07,4.三级公路,11.沥青混凝土,3.07,3.04,7.00,8.00,0,2.否,,,,2.否,,2021,121011121,津南区公路建设养护中心,2.否,,11.新建,津南区公路建设养护中心,121011121,,,,,,,,,Y5A3,孙国斌,韩静漪,02288531156,李国强,02288531156
Y653120112002,Y653120112,东小路,002,120112106000,津晋高速跨线桥,0.18,拆分点,0.85,5.四级公路,11.沥青混凝土,0.67,0.65,7.50,9.00,0,2.否,,,,2.否,2019,1985,121011121,津南区公路建设养护中心,2.否,,10.未变更,津南区公路建设养护中心,121011121,,,,Y653120112,0.18,0.85,0.67,2.否,Y653,孙国斌,韩静漪,02288531156,李国强,02288531156
Y653120112003,Y653120112,东小路,003,120112106000,拆分点,0.85,石柱子横河桥,2.15,5.四级公路,11.沥青混凝土,1.30,1.28,7.50,9.00,0,2.否,,,,2.否,2019,1985,121011121,津南区公路建设养护中心,2.否,,10.未变更,津南区公路建设养护中心,121011121,,,,Y653120112,0.85,2.15,1.30,2.否,Y653,孙国斌,韩静漪,02288531156,李国强,02288531156
Y653120112004,Y653120112,东小路,004,120112102000,石柱子横河桥,2.15,拆分点,4.13,5.四级公路,11.沥青混凝土,1.98,1.98,7.50,9.00,0,2.否,,,,2.否,2019,2000,121011121,津南区公路建设养护中心,2.否,,10.未变更,津南区公路建设养护中心,121011121,,,,Y653120112,2.15,4.13,1.98,2.否,Y653,孙国斌,韩静漪,02288531156,李国强,02288531156
Y653120112005,Y653120112,东小路,005,120112102000,拆分点,4.13,拆分点,4.31,5.四级公路,11.沥青混凝土,0.19,0.19,7.50,9.00,0,2.否,,,,2.否,2019,2000,121011121,津南区公路建设养护中心,2.否,,10.未变更,津南区公路建设养护中心,121011121,,,,Y653120112,4.13,4.31,0.19,2.否,Y653,孙国斌,韩静漪,02288531156,李国强,02288531156
Y653120112006,Y653120112,东小路,006,120112102000,拆分点,4.31,小站镇北马路,5.15,5.四级公路,11.沥青混凝土,0.84,0.84,7.50,9.00,0,2.否,,,,2.否,2019,2000,121011121,津南区公路建设养护中心,2.否,,10.未变更,津南区公路建设养护中心,121011121,,,,Y653120112,4.31,5.15,0.84,2.否,Y653,孙国斌,韩静漪,02288531156,李国强,02288531156
Y659120112003,Y659120112,咸双路,003,120112106000,双桥河,2.11,西泥沽入点,3.33,5.四级公路,12.水泥混凝土,1.22,1.22,4.00,5.00,0,2.否,,,,2.否,2003,1983,121011121,津南区公路建设养护中心,2.否,,10.未变更,津南区公路建设养护中心,121011121,,,,Y659120112,2.11,3.33,1.22,2.否,Y659,孙国斌,韩静漪,02288531156,李国强,02288531156
Y659120112004,Y659120112,咸双路,004,120112106000,西泥沽入点,3.33,西官房村入点,4.48,5.四级公路,11.沥青混凝土,1.15,1.15,4.00,5.00,0,2.否,,,,2.否,2003,1983,121011121,津南区公路建设养护中心,2.否,,10.未变更,津南区公路建设养护中心,121011121,,,,Y659120112,3.33,4.48,1.15,2.否,Y659,孙国斌,韩静漪,02288531156,李国强,02288531156
Y659120112005,Y659120112,咸双路,005,120112106000,西官房村入点,4.48,六米段,5.02,5.四级公路,11.沥青混凝土,0.54,0.54,5.00,6.00,0,2.否,,,,2.否,2012,1983,121011121,津南区公路建设养护中心,2.否,,10.未变更,津南区公路建设养护中心,121011121,,,,Y659120112,4.48,5.02,0.54,2.否,Y659,孙国斌,韩静漪,02288531156,李国强,02288531156
Y659120112006,Y659120112,咸双路,006,120112106000,六米段,5.02,欣欣中路,5.78,5.四级公路,11.沥青混凝土,0.76,0.76,6.00,7.00,0,2.否,,,,2.否,2012,1983,121011121,津南区公路建设养护中心,2.否,,10.未变更,津南区公路建设养护中心,121011121,,,,Y659120112,5.02,5.78,0.76,2.否,Y659,孙国斌,韩静漪,02288531156,李国强,02288531156
Y659120112007,Y659120112,咸双路,007,120112106000,欣欣中路,5.78,津沽路,6.13,5.四级公路,11.沥青混凝土,0.34,0.35,6.00,7.00,0,2.否,,,,2.否,,1983,121011121,津南区公路建设养护中心,2.否,台帐核实,10.未变更,津南区公路建设养护中心,121011121,,,,Y659120112,5.78,6.13,0.34,2.否,Y659,孙国斌,韩静漪,02288531156,李国强,02288531156
Y667120112001,Y667120112,葛九路,001,120112101000,津沽路,0.00,东九路,3.66,5.四级公路,12.水泥混凝土,3.66,3.67,6.00,7.00,0,2.否,,,,2.否,2000,1985,121011121,津南区公路建设养护中心,2.否,,21.指标变更或地理位置变更,津南区公路建设养护中心,121011121,,,,Y667120112,0.00,3.22,3.22,2.否,Y667,孙国斌,韩静漪,02288531156,李国强,02288531156
Y679120112001,Y679120112,东九路,001,120112102000,东上路,0.00,营盘圈分界,0.86,5.四级公路,12.水泥混凝土,0.86,0.86,4.00,5.00,0,2.否,,,,2.否,2012,2000,121011121,津南区公路建设养护中心,2.否,,10.未变更,津南区公路建设养护中心,121011121,,,,Y679120112,0.00,0.86,0.86,2.否,Y679,孙国斌,韩静漪,02288531156,李国强,02288531156
Y679120112002,Y679120112,东九路,002,120112101000,营盘圈分界,0.86,九道沟村,4.88,5.四级公路,11.沥青混凝土,4.02,4.02,4.00,5.00,0,2.否,,,,2.否,2012,1985,121011121,津南区公路建设养护中心,2.否,,10.未变更,津南区公路建设养护中心,121011121,,,,Y679120112,0.86,4.88,4.02,2.否,Y679,孙国斌,韩静漪,02288531156,李国强,02288531156
Y700120112001,Y700120112,小站中心道,001,120112102000,津港公路,0.00,迎新村支路一,2.43,4.三级公路,11.沥青混凝土,2.43,2.42,8.00,9.00,0,2.否,,,,2.否,2021,2000,121011121,津南区公路建设养护中心,2.否,,12.改建,津南区公路建设养护中心,121011121,,,,,,,,,Y700,孙国斌,韩静漪,02288531156,李国强,02288531156
Y700120112002,Y700120112,小站中心道,002,120112102000,迎新村支路一,2.43,津歧公路,3.07,3.二级公路,11.沥青混凝土,0.64,0.64,28.00,29.00,0,2.否,,,,2.否,2021,2000,121011121,津南区公路建设养护中心,2.否,,12.改建,津南区公路建设养护中心,121011121,,,,,,,,,Y700,赵志杰,韩静漪,02288531156,李国强,02288531156
Y700120112003,Y700120112,小站中心道,003,120112102000,津歧公路,3.07,汉港公路,7.62,4.三级公路,11.沥青混凝土,4.55,4.59,8.00,9.00,0,2.否,,,,2.否,2021,2000,121011121,津南区公路建设养护中心,2.否,,12.改建,津南区公路建设养护中心,121011121,,,,,,,,,Y700,赵志杰,韩静漪,02288531156,李国强,02288531156
Y700120112004,Y700120112,小站中心道,004,120112102000,汉港公路,7.62,东上路口,7.76,5.四级公路,12.水泥混凝土,0.14,0.14,5.00,6.00,0,2.否,,,,2.否,1999,1984,121011121,津南区公路建设养护中心,2.否,,10.未变更,津南区公路建设养护中心,121011121,,,,,,,,,Y700,高玉森,韩静漪,02288531156,李国强,02288531156
Y746120112001,Y746120112,双顺路,001,120112107000,津港公路,0.00,葛万公路,6.20,4.三级公路,11.沥青混凝土,6.20,6.12,8.00,9.00,0,2.否,,,,2.否,2021,2000,121011121,津南区公路建设养护中心,2.否,,12.改建,津南区公路建设养护中心,121011121,,,,,,,,,Y746,孙国斌,韩静漪,02288531156,李国强,02288531156
Y749120112001,Y749120112,双中路,001,120112107000,葛万路,0.00,双闸村路,0.46,3.二级公路,11.沥青混凝土,0.46,0.46,9.00,11.00,0,2.否,,,,2.否,2005,1984,121011121,津南区公路建设养护中心,2.否,,21.指标变更或地理位置变更,津南区公路建设养护中心,121011121,,,,,,,,,Y749,孙国斌,韩静漪,02288531156,李国强,02288531156
Y749120112002,Y749120112,双中路,002,120112107000,双闸村路,0.46,幸福路,4.08,5.四级公路,12.水泥混凝土,3.62,3.63,6.00,8.00,2,2.否,,,,2.否,,2004,121011121,津南区公路建设养护中心,2.否,,21.指标变更或地理位置变更,津南区公路建设养护中心,121011121,,,,,,,,,Y749,孙国斌,韩静漪,02288531156,李国强,02288531156
Y788120112001,Y788120112,仁字营村路,001,120112108000,津歧路,0.00,仁营路,1.64,4.三级公路,11.沥青混凝土,1.64,1.64,12.00,13.00,0,2.否,,,,2.否,2015,1986,121011121,津南区公路建设养护中心,2.否,99,10.未变更,津南区公路建设养护中心,121011121,,,,Y788120112,0.00,1.64,1.64,2.否,Y788,孙国斌,韩静漪,02288531156,李国强,02288531156
Y791120112001,Y791120112,裕盛路,001,120112108000,津岐路,0.00,建新市场,0.49,3.二级公路,11.沥青混凝土,0.49,0.49,22.00,23.00,0,2.否,,,,2.否,2005,1985,121011121,津南区公路建设养护中心,2.否,,10.未变更,津南区公路建设养护中心,121011121,,,,Y791120112,0.00,0.49,0.49,2.否,Y791,孙国斌,韩静漪,02288531156,李国强,02288531156
Y791120112002,Y791120112,裕盛路,002,120112108000,建新市场,0.49,裕盛村入点,1.75,3.二级公路,11.沥青混凝土,1.26,1.26,22.00,23.00,0,2.否,,,,2.否,2005,1985,121011121,津南区公路建设养护中心,2.否,现场核实,10.未变更,津南区公路建设养护中心,121011121,,,,Y791120112,0.49,1.75,1.26,2.否,Y791,孙国斌,韩静漪,02288531156,李国强,02288531156
Y791120112003,Y791120112,裕盛路,003,120112108000,裕盛村入点,1.75,裕盛村出点,2.49,3.二级公路,11.沥青混凝土,0.74,0.74,22.00,23.00,0,2.否,,,,2.否,2005,1985,121011121,津南区公路建设养护中心,2.否,,10.未变更,津南区公路建设养护中心,121011121,,,,Y791120112,1.75,2.49,0.74,2.否,Y791,孙国斌,韩静漪,02288531156,李国强,02288531156
Y791120112004,Y791120112,裕盛路,004,120112108000,裕盛村出点,2.49,东小路,2.89,5.四级公路,11.沥青混凝土,0.40,0.40,6.00,7.00,0,2.否,,,,2.否,2019,2000,121011121,津南区公路建设养护中心,2.否,,10.未变更,津南区公路建设养护中心,121011121,,,,Y791120112,2.49,2.89,0.40,2.否,Y791,孙国斌,韩静漪,02288531156,李国强,02288531156
Y794120112001,Y794120112,正营村路,001,120112108000,津岐路,0.00,正营村入点,1.45,5.四级公路,12.水泥混凝土,1.45,1.45,6.00,7.00,0,2.否,,,,2.否,,1985,121011121,津南区公路建设养护中心,2.否,,10.未变更,津南区公路建设养护中心,121011121,,,,Y794120112,0.00,1.45,1.45,2.否,Y794,孙国斌,韩静漪,02288531156,李国强,02288531156
Y794120112002,Y794120112,正营村路,002,120112108000,正营村入点,1.45,津港路,3.39,5.四级公路,12.水泥混凝土,1.94,1.94,6.00,7.00,1,2.否,,,,2.否,,1985,121011121,津南区公路建设养护中心,2.否,,10.未变更,津南区公路建设养护中心,121011121,,,,Y794120112,1.45,3.39,1.94,2.否,Y794,孙国斌,韩静漪,02288531156,李国强,02288531156
Y801120112001,Y801120112,月桥村路,001,120112108000,津岐路,0.00,前进村路,1.71,5.四级公路,12.水泥混凝土,1.71,1.71,5.00,6.00,2,2.否,,,,2.否,,1986,121011121,津南区公路建设养护中心,2.否,,10.未变更,津南区公路建设养护中心,121011121,,,,Y801120112,0.00,1.71,1.71,2.否,Y801,孙国斌,韩静漪,02288531156,李国强,02288531156
Y802120112001,Y802120112,前进村路,001,120112108000,津港路,0.00,月桥村路,1.85,5.四级公路,12.水泥混凝土,1.85,1.85,6.00,7.00,0,2.否,,,,2.否,,1986,121011121,津南区公路建设养护中心,2.否,,10.未变更,津南区公路建设养护中心,121011121,,,,Y802120112,0.00,1.85,1.85,2.否,Y802,孙国斌,韩静漪,02288531156,李国强,02288531156
Y827120112001,Y827120112,东上路,001,120112102000,东大站,0.00,袁茶路,3.31,3.二级公路,11.沥青混凝土,3.31,3.32,9.00,14.00,0,2.否,,,,2.否,1996,1988,121011121,津南区公路建设养护中心,2.否,,10.未变更,津南区公路建设养护中心,121011121,,,,Y827120112,0.00,3.31,3.31,2.否,Y827,孙国斌,韩静漪,02288531156,李国强,02288531156
YBNN120112001,YBNN120112,东小路支路一,001,120112102000,北马路,0.00,葛万路,0.89,5.四级公路,11.沥青混凝土,0.89,0.76,5.00,6.00,0,2.否,,,,2.否,2000,1985,121011121,津南区公路建设养护中心,2.否,,10.未变更,津南区公路建设养护中心,121011121,,,,YBNN120112,3.00,3.89,0.89,2.否,YBNN,孙国斌,韩静漪,02288531156,李国强,02288531156
